Structure,Binding Site 000,Binding Site 001,Binding Site 002,Binding Site 003,Binding Site 004,Binding Site 005
4OKT.A,16,14,7,0,0,0
2AMB.A,22,8,7,2,5,0
4OLM.A,10,13,14,13,2,0
3L3Z.A,30,19,2,7,0,0
5JJM.B,26,8,5,5,0,0
2PIQ.A,29,12,8,7,3,0
2PIO.A,19,12,10,0,0,0
1T74.A,29,17,8,3,3,0
3B5R.A,20,12,9,10,0,0
1Z95.A,23,7,2,8,4,0
1I38.A,28,9,0,10,0,0
2PIX.A,30,10,3,7,2,0
8FH1.A,29,12,3,3,0,0
1T76.A,23,9,5,0,4,0
2QPY.A,24,14,7,2,4,0
5CJ6.A,19,13,10,9,6,0
4OFU.A,29,18,7,4,3,0
8FH0.A,22,11,4,4,0,0
1T65.A,17,10,7,2,0,0
1T63.A,28,9,4,0,3,0
4OKX.A,18,15,8,7,4,0
3B66.A,23,13,8,11,0,0
5JJM.A,19,17,6,0,4,0
1XQ3.A,26,9,0,3,4,0
8FGZ.A,23,17,0,4,0,9
1GS4.A,24,19,0,2,3,0
2PIR.A,30,11,9,0,3,0
2IHQ.A,16,13,7,15,0,0
4OH6.A,14,9,13,9,5,0
4OIL.A,15,13,11,0,2,0
4HLW.A,29,17,0,2,5,0
1I37.A,23,17,11,0,0,0
4OJB.A,17,7,0,4,10,0
4OEY.A,31,11,9,0,3,0
2AX7.A,15,17,3,11,0,0
5V8Q.A,15,13,11,0,12,0
2YHD.A,27,14,4,5,4,0
2AO6.A,20,17,4,4,9,0
4OED.A,23,12,8,0,0,0
3RLL.A,16,8,4,6,3,0
3B67.A,17,10,2,6,0,0
2PKL.A,23,10,9,2,2,0
2Q7I.A,31,16,9,3,3,0
1XJ7.A,30,13,7,0,0,0
2Q7J.A,28,19,9,2,6,0
1XNN.A,26,14,0,0,3,0
5JJM.C,32,10,6,0,0,0
7ZTX.A,30,17,8,0,0,0
2PIU.A,21,20,3,3,5,0
4OFR.A,19,20,7,0,0,0
1T73.A,16,12,10,0,2,0
1T7F.A,18,11,12,0,0,0
1E3G.A,26,10,8,2,0,0
2PIP.L,31,8,11,0,2,0
3L3X.A,29,16,4,9,6,0
8FGY.A,25,11,0,2,3,0
1T79.A,19,15,12,5,0,0
4OHA.A,19,9,10,6,5,0
3ZQT.A,23,15,0,9,2,0
3B65.A,10,9,6,11,0,0
2PIW.A,25,12,7,3,3,0
2Q7L.A,30,21,0,3,5,0
4OIU.A,19,12,11,0,0,0
3B68.A,19,10,9,8,0,0
3G0W.A,11,13,8,3,0,0
1XOW.A,27,15,11,0,4,0
1T7M.A,28,10,8,4,4,0
2HVC.A,19,13,3,5,8,0
2YLP.A,32,11,5,5,4,0
4OJ9.A,12,10,11,5,0,0
1T7R.A,25,14,6,4,0,0
2OZ7.A,21,12,0,4,4,0
4OKW.A,19,12,8,7,4,0
3V49.A,17,12,6,8,5,0
2NW4.A,14,12,14,12,0,0
5T8J.A,16,15,9,0,11,0
2Z4J.A,21,18,4,3,2,0
2Q7K.A,16,19,10,5,4,0
5VO4.A,12,15,2,0,11,0
2AMA.A,30,13,2,0,10,0
7ZU2.A,22,11,8,6,3,0
2AX9.A,17,8,8,12,6,0
5JJM.D,21,12,4,3,0,0
4OGH.A,14,11,11,5,6,0
7ZTZ.A,26,11,0,8,5,0
4OK1.A,23,15,6,0,5,0
2PNU.A,30,9,0,0,4,0
3RLJ.A,11,15,5,12,2,0
7ZTV.A,20,13,7,6,0,0
4OKB.A,21,10,8,5,3,0
2AX8.A,14,13,5,9,0,0
2AX6.A,13,9,2,11,0,0
4QL8.A,20,11,0,8,0,0
3V4A.A,16,11,9,8,6,0
2AXA.A,20,16,9,9,0,0
5T8E.A,13,17,9,0,10,0
1T5Z.A,29,8,6,0,0,0
4OEA.A,31,15,0,0,7,0
1T7T.A,15,17,5,0,2,0
7ZU1.A,30,8,11,6,2,0
8E1A.A,13,20,0,15,0,0
4OEZ.A,22,17,9,2,3,0
4K7A.A,19,13,0,6,4,0
2PIT.A,25,12,10,0,10,0
8FH2.A,30,10,0,6,0,0
2PIV.A,27,9,7,5,4,0
2AM9.A,26,20,4,0,7,0
2YLO.A,28,18,0,6,5,0
4OH5.A,17,14,10,2,7,0
2YLQ.A,20,10,4,3,4,0
